word,count
yang,26500
kamu,24000
apakah,21017
saya,20000
ini,20000
jika,18016
di,14517
untuk,14500
sudah,14500
kita,13521
akan,12511
tolong,11517
lebih,10010
dengan,9523
ke,8500
bisa,8010
tidak,8000
kampus,6500
itu,6500
jadwal,6000
semua,5517
palembang,5500
belajar,5500
dan,5500
tugas,5000
waktu,4011
banyak,4010
ada,4006
sistem,4000
mahasiswa,4000
minggu,4000
dari,4000
buat,4000
bukan,4000
depan,3500
ruang,3500
hari,3500
dalam,3500
cara,3006
kegiatan,3000
hasil,3000
adalah,3000
warga,3000
apa,3000
sama,3000
setiap,3000
praktikum,3000
atur,3000
ambilkan,3000
bukankah,3000
pastikan,2517
tempat,2500
kota,2500
kuliah,2500
dosen,2500
lingkungan,2500
harus,2500
laboratorium,2500
menjadi,2500
masyarakat,2500
bisakah,2500
sesuai,2500
semakin,2500
program,2500
data,2500
publik,2500
jadwalkan,2500
dimana,2500
ayo,2500
siapa,2500
berapa,2500
baik,2017
lab,2006
mata,2000
sangat,2000
yakin,2000
bahwa,2000
akhir,2000
bagian,2000
membantu,2000
ingin,2000
pendidikan,2000
rumah,2000
robot,2000
langkah,2000
baru,2000
makanan,2000
menyelesaikan,2000
siswa,2000
berkurang,2000
resmi,2000
laporan,2000
belum,2000
secara,2000
dasar,2000
remote,2000
penghapus,2000
letakkan,2000
meja,2000
pada,2000
menyenangkan,2000
rakyat,2000
keluarga,1511
terus,1510
membutuhkan,1500
sedang,1500
kelompok,1500
memberikan,1500
hidup,1500
generasi,1500
ujian,1500
dilaksanakan,1500
tinggi,1500
topik,1500
konfirmasi,1500
memastikan,1500
tersedia,1500
dimatikan,1500
saat,1500
tamu,1500
indralaya,1500
sore,1500
bekerja,1500
udara,1500
sekolah,1500
jawab,1500
fakultas,1500
pagi,1500
kendali,1500
luar,1500
botol,1500
antarkan,1500
spidol,1500
pak,1500
cangkir,1500
jelaskan,1500
sebelum,1500
coba,1500
seharusnya,1500
hebat,1500
berhasil,1500
kapan,1500
jangan,1011
masalah,1006
bagaimana,1006
kontrol,1000
membangun,1000
positif,1000
mendukung,1000
proses,1000
perlu,1000
mengatur,1000
menjaga,1000
semester,1000
universitas,1000
satu,1000
perguruan,1000
menyediakan,1000
fasilitas,1000
kelas,1000
paham,1000
perpustakaan,1000
referensi,1000
menjelaskan,1000
benar,1000
telah,1000
capai,1000
selesai,1000
memproses,1000
mengulang,1000
instruksi,1000
saja,1000
berikan,1000
atau,1000
berikutnya,1000
pintu,1000
suhu,1000
periksa,1000
pengaturan,1000
elektronik,1000
ruangan,1000
lampu,1000
pertemuan,1000
tadi,1000
masih,1000
punya,1000
cepat,1000
mereka,1000
mendapat,1000
informasi,1000
meningkat,1000
meningkatkan,1000
mengajar,1000
efektif,1000
menerapkan,1000
tepat,1000
pihak,1000
pembangunan,1000
mengurangi,1000
jalanan,1000
segar,1000
diri,1000
tentang,1000
kesehatan,1000
memiliki,1000
sekitar,1000
siap,1000
tantangan,1000
kerja,1000
peduli,1000
diterima,1000
seminar,1000
terbaru,1000
terakhir,1000
memeriksa,1000
dokumen,1000
menyiram,1000
tanaman,1000
pengumuman,1000
mengunggah,1000
pelayanan,1000
ulu,1000
suka,1000
pedas,1000
bantuan,1000
rapat,1000
memahami,1000
materi,1000
anggaran,1000
hanya,1000
pemerintah,1000
mendapatkan,1000
tanggung,1000
kendaraan,1000
siapkan,1000
agenda,1000
pengingat,1000
sosial,1000
bulan,1000
presentasi,1000
tunjukkan,1000
minum,1000
firdaus,1000
keselamatan,1000
digunakan,1000
agar,1000
mencari,1000
merasakan,1000
bergabunglah,1000
mari,1000
kualitas,1000
suasana,1000
penuh,1000
bermanfaat,1000
lakukan,1000
prosedur,1000
saling,1000
lain,1000
mengulangi,1000
kepentingan,1000
sendiri,1000
orang,1000
tidakkah,1000
wah,1000
biasa,1000
selamat,1000
sekarang,1000
aduh,1000
kenapa,1000
ya,1000
kantin,1000
bus,1000
mengakses,1000
lokasi,1000
cctv,517
membuat,511
bersama,511
lupa,511
pekerjaan,510
peralatan,506
rekomendasi,500
wisata,500
kami,500
mengerjakan,500
pembimbing,500
masukan,500
akademik,500
antara,500
lainnya,500
makhluk,500
air,500
bertahan,500
mendatang,500
usaha,500
mengkhianati,500
percaya,500
investasi,500
jangka,500
panjang,500
sriwijaya,500
salah,500
ternama,500
lengkap,500
diskusi,500
dibahas,500
ilmiah,500
aktif,500
mengikuti,500
organisasi,500
kemahasiswaan,500
bangga,500
transportasi,500
lrt,500
mobilitas,500
berkontribusi,500
kemajuan,500
melalui,500
pernah,500
tuan,500
asian,500
games,500
jakarta,500
langkahnya,500
detail,500
diberikan,500
dapat,500
sejauh,500
perintah,500
terjadi,500
memperjelas,500
dimaksud,500
cari,500
dapatkah,500
melanjutkan,500
beralih,500
mengecek,500
terkunci,500
memanaskan,500
tentukan,500
memindahkan,500
benda,500
berbeda,500
ac,500
verifikasi,500
keluar,500
bebas,500
debu,500
garasi,500
tertutup,500
tuju,500
mencatat,500
kehadiran,500
pergi,500
bis,500
membaca,500
buku,500
memperoleh,500
pengetahuan,500
pelajaran,500
menguasainya,500
setuju,500
mulai,500
proyek,500
lanjut,500
mengambil,500
keputusan,500
berlatih,500
kemampuanmu,500
teknologi,500
metode,500
pengajaran,500
interaktif,500
tertarik,500
dikumpulkan,500
tambahan,500
nilai,500
infrastruktur,500
merata,500
penggunaan,500
plastik,500
sampah,500
kebersihan,500
festival,500
budaya,500
ramai,500
meriah,500
mengedukasi,500
tingkat,500
penyakit,500
kesadaran,500
kriminalitas,500
pelatihan,500
keterampilan,500
menghadapi,500
polusi,500
unggah,500
bentrok,500
datang,500
mengupdate,500
e,500
government,500
menerima,500
umpan,500
balik,500
mengenai,500
diperlukan,500
serahkan,500
seperti,500
minta,500
disajikan,500
mengirimkan,500
email,500
seluruh,500
akreditasi,500
pusat,500
pencahayaan,500
pendingin,500
auditorium,500
website,500
kantor,500
berjalan,500
normal,500
aplikasi,500
layanan,500
diakses,500
ktp,500
mendaftar,500
menyiapkan,500
gotong,500
royong,500
seberang,500
makan,500
ganggu,500
koordinasi,500
antarinstansi,500
kelulusan,500
diumumkan,500
dia,500
mengabaikan,500
nasional,500
wajib,500
diwajibkan,500
mengenakan,500
jas,500
almamater,500
fisik,500
formulir,500
krs,500
dikembalikan,500
administrasi,500
menghentikan,500
upaya,500
pengangguran,500
himpunan,500
izin,500
musyawarah,500
desa,500
dilakukan,500
terbuka,500
sepenuhnya,500
diperbolehkan,500
membawa,500
area,500
pejabat,500
tersebut,500
kementerian,500
bersangkutan,500
film,500
menarik,500
menurutku,500
ingatkan,500
mengirim,500
besok,500
jam,500
kunjungan,500
dinas,500
terkait,500
harian,500
ulang,500
kamis,500
servis,500
sidang,500
skripsi,500
senin,500
audiensi,500
kelurahan,500
puskesmas,500
pengambilan,500
kependudukan,500
oleh,500
lansia,500
kolektif,500
monitoring,500
bermain,500
anak,500
peninjauan,500
lapangan,500
agustus,500
pengumpulan,500
penandatanganan,500
mou,500
mitra,500
pendistribusian,500
logistik,500
keliling,500
penerimaan,500
bulannya,500
papan,500
tulis,500
berada,500
rendy,500
panduan,500
memulai,500
singkat,500
menggunakan,500
kepada,500
atas,500
diatas,500
kembali,500
tempatnya,500
sebutkan,500
alat,500
mikrokontroller,500
jadi,500
rekomendasikan,500
deh,500
ikut,500
magang,500
perusahaan,500
pengalaman,500
berharga,500
pelajari,500
merasa,500
lelah,500
luangkan,500
sebentar,500
beristirahat,500
produktivitas,500
cobalah,500
manajemen,500
rajin,500
manfaatnya,500
kehidupan,500
sehari,500
membuka,500
peluang,500
dukung,500
penghijauan,500
hijau,500
nyaman,500
ditinggali,500
sejarah,500
dikunjungi,500
akurat,500
gunakan,500
perangkat,500
lunak,500
kebutuhanmu,500
ragu,500
bertanya,500
guru,500
mengerti,500
menuju,500
pemahaman,500
tanamkan,500
kesempatan,500
tumbuh,500
maksimalkan,500
praktikummu,500
menghasilkan,500
temuan,500
menciptakan,500
memuaskan,500
mendalami,500
percobaan,500
menguji,500
teori,500
dipelajari,500
meminimalkan,500
kesalahan,500
valid,500
terasa,500
ringan,500
selalu,500
cinta,500
kebahagiaan,500
lagi,500
kebijakan,500
dibuat,500
politik,500
sesaat,500
pikir,500
aku,500
seharian,500
menegakkan,500
hukum,500
aparat,500
contoh,500
negara,500
hal,500
wajar,500
bergantung,500
mengejar,500
kurikulum,500
menghargai,500
masa,500
bangsa,500
para,500
pendidik,500
suara,500
amanah,500
dijaga,500
dimanipulasi,500
bertanggung,500
kehilangan,500
semangat,500
membiarkan,500
ketimpangan,500
warisan,500
hadir,500
melayani,500
sebaliknya,500
bagi,500
saatnya,500
mengubah,500
pandang,500
terhadap,500
kegagalan,500
anda,500
menyadari,500
dampaknya,500
transparansi,500
merupakan,500
kunci,500
utama,500
kepercayaan,500
sekali,500
lulus,500
predikat,500
cumlaude,500
impianmu,500
gawat,500
laptopku,500
mati,500
mendadak,500
wow,500
kelompokmu,500
memukau,500
wahai,500
muda,500
tuntutlah,500
ilmu,500
setinggi,500
langit,500
tingkatkan,500
daerah,500
syukurlah,500
akhirnya,500
juga,500
semuanya,500
ciptakan,500
berangkat,500
terlambat,500
nggak,500
bilang,500
ih,500
lucunya,500
kucing,500
astaga,500
macet,500
banget,500
penelitian,500
ternyata,500
seseru,500
bawa,500
kalian,500
memenangkan,500
kompetisi,500
antar,500
ampun,500
konsep,500
temperatur,500
letak,500
teknik,500
elektro,500
jarak,500
sini,500
beroperasi,500
pengampu,500
kapasitas,500
maksimal,500
hubungi,500
repository,500
jurnal,500
terdekat,500
terminal,500
jumlah,500
asisten,500
wi,500
fi,500
jembatan,17
ampera,17
berfungsi,17
biarkan,11
kesibukan,11
pentingnya,11
mengembangkan,10
kecerdasan,10
buatan,10
efisien,10
melaporkan,6
