source_scope,category,speaker_id,speaker_gender,rms,peak,dynamic_range_db,silence_ratio,spectral_centroid_hz,duration_sec
paper_clean_audio_quality_sample,Kalimat_Deklaratif,M3,Male,0.09307901561260223,0.442779541015625,13.54671527323653,0.18362282878411912,949.8504934839655,4.0308
paper_clean_audio_quality_sample,Kalimat_Deklaratif,M8,Male,0.07178208231925964,0.404693603515625,15.022205738144514,0.3086053412462908,1038.8888225567568,3.3788
paper_clean_audio_quality_sample,Kalimat_Deklaratif,F5,Female,0.05668044835329056,0.33795166015625,15.508426130155275,0.1813186813186813,924.1863172300284,3.6458
paper_clean_audio_quality_sample,Kalimat_Deklaratif,M4,Male,0.2683597803115845,0.891265869140625,10.42579695556747,0.20833333333333334,1076.2706705303958,4.0868
paper_clean_audio_quality_sample,Kalimat_Deklaratif,M5,Male,0.12894941866397858,0.7005615234375,14.70053784414958,0.2646239554317549,876.3604129810245,3.5957
paper_clean_audio_quality_sample,Kalimat_Deklaratif,F1,Female,0.08608116209506989,0.449188232421875,14.350404969990883,0.2170212765957447,880.7393992438033,4.7027
paper_clean_audio_quality_sample,Kalimat_Deklaratif,M10,Male,0.06920342147350311,0.440185546875,16.070164225334175,0.25,1102.8713228693075,4.1627
paper_clean_audio_quality_sample,Kalimat_Deklaratif,M5,Male,0.1749567836523056,0.889984130859375,14.129029529305848,0.25301204819277107,1206.2373163029931,4.1558
paper_clean_audio_quality_sample,Kalimat_Deklaratif,M10,Male,0.10484562814235687,0.552154541015625,14.430206437365849,0.19505494505494506,765.280784074089,3.6467
paper_clean_audio_quality_sample,Kalimat_Deklaratif,M12,Male,0.08690033107995987,0.5849609375,16.56210868374853,0.18703241895261846,1034.0034420703078,4.0157
paper_clean_audio_quality_sample,Kalimat_Deklaratif,F5,Female,0.046286314725875854,0.342987060546875,17.39650262575931,0.2454308093994778,1107.0555455777721,3.8378
paper_clean_audio_quality_sample,Kalimat_Deklaratif,M1,Male,0.15545618534088135,0.74346923828125,13.593099940949855,0.189873417721519,715.3498015197854,3.9577
paper_clean_audio_quality_sample,Kalimat_Deklaratif,M3,Male,0.1113615408539772,0.584564208984375,14.401939790913335,0.20993227990970656,821.3019321478343,4.4328
paper_clean_audio_quality_sample,Kalimat_Deklaratif,M12,Male,0.05386470630764961,0.39862060546875,17.385108948424133,0.2735562310030395,1187.511383160796,3.2978
paper_clean_audio_quality_sample,Kalimat_Deklaratif,M11,Male,0.1390656679868698,0.735931396484375,14.472348095245849,0.22690763052208834,1026.7385804082676,4.9887
paper_clean_audio_quality_sample,Kalimat_Deklaratif,M6,Male,0.12726901471614838,0.891265869140625,16.905691866950207,0.22358722358722358,1155.680826306353,4.0788
paper_clean_audio_quality_sample,Kalimat_Deklaratif,M4,Male,0.15548095107078552,0.891204833984375,15.166006893682589,0.27988338192419826,1057.4118330175597,3.4358
paper_clean_audio_quality_sample,Kalimat_Deklaratif,F2,Female,0.108149453997612,0.850677490234375,17.9148121897922,0.31755196304849886,1143.0096109000622,8.6687
paper_clean_audio_quality_sample,Kalimat_Deklaratif,F7,Female,0.09152944386005402,0.7584228515625,18.367011718869747,0.24680851063829787,1172.179351216426,4.7017
paper_clean_audio_quality_sample,Kalimat_Deklaratif,M2,Male,0.10595079511404037,0.798583984375,17.54432750999011,0.3438914027149321,1148.219148261419,4.4227
paper_clean_audio_quality_sample,Kalimat_Deklaratif,M6,Male,0.10994205623865128,0.748260498046875,16.657779259969686,0.2519480519480519,1027.7721288016314,7.7008
paper_clean_audio_quality_sample,Kalimat_Deklaratif,M11,Male,0.09640113264322281,0.625274658203125,16.239773809211904,0.3069306930693069,1203.4278873933122,4.0427
paper_clean_audio_quality_sample,Kalimat_Deklaratif,F2,Female,0.1395929902791977,0.850494384765625,15.696156794846377,0.24175824175824176,1162.6529196286976,3.6408
paper_clean_audio_quality_sample,Kalimat_Deklaratif,F4,Female,0.12059454619884491,0.838134765625,16.83972375007072,0.23198198198198197,1057.786581989643,4.4478
paper_clean_audio_quality_sample,Kalimat_Deklaratif,F4,Female,0.07682296633720398,0.5040283203125,16.339277325402843,0.24033149171270718,1162.4811103446004,7.2488
paper_clean_audio_quality_sample,Kalimat_Deklaratif,M7,Male,0.07920116186141968,0.521728515625,16.37426042038578,0.2569444444444444,967.2708916562723,4.3258
paper_clean_audio_quality_sample,Kalimat_Deklaratif,F5,Female,0.05526575446128845,0.510650634765625,19.313355442647396,0.29283489096573206,1249.3752735141372,3.2107
paper_clean_audio_quality_sample,Kalimat_Klarifikasi,M3,Male,0.03036884218454361,0.199554443359375,16.352663325281938,0.0,1061.638007634474,7.045
paper_clean_audio_quality_sample,Kalimat_Klarifikasi,M8,Male,0.11066386103630066,1.0,19.11988362063806,0.3195364238410596,973.7065230170108,6.043
paper_clean_audio_quality_sample,Kalimat_Klarifikasi,F5,Female,0.05444419011473656,0.695770263671875,22.130286419680118,0.24653739612188366,1218.9806120208386,3.611
paper_clean_audio_quality_sample,Kalimat_Klarifikasi,M4,Male,0.14709097146987915,0.89849853515625,15.718627136281027,0.1326530612244898,1069.6312759825942,5.888
paper_clean_audio_quality_sample,Kalimat_Klarifikasi,M5,Male,0.11419954895973206,0.8807373046875,17.743640055701945,0.47297297297297297,1857.9735999165368,4.449
paper_clean_audio_quality_sample,Kalimat_Klarifikasi,F1,Female,0.053111497312784195,0.463623046875,18.81952941566649,0.3317972350230415,773.7026126764151,4.342
paper_clean_audio_quality_sample,Kalimat_Klarifikasi,M10,Male,0.06113094836473465,0.50018310546875,18.257357691229426,0.01639344262295082,1034.7461834108285,4.273
paper_clean_audio_quality_sample,Kalimat_Klarifikasi,M5,Male,0.13119561970233917,0.99053955078125,17.559049707304254,0.35067114093959734,739.2535321690098,5.967
paper_clean_audio_quality_sample,Kalimat_Klarifikasi,M10,Male,0.056898169219493866,0.589324951171875,20.30513071111837,0.0629575402635432,917.1627787606974,6.838
paper_clean_audio_quality_sample,Kalimat_Klarifikasi,M12,Male,0.040776289999485016,0.296783447265625,17.24063929389669,0.0,1212.5465808930408,5.272
paper_clean_audio_quality_sample,Kalimat_Klarifikasi,F5,Female,0.05584820359945297,0.469390869140625,18.4905085632684,0.029469548133595286,1008.0371565040962,5.093
paper_clean_audio_quality_sample,Kalimat_Klarifikasi,M1,Male,0.036134038120508194,0.221954345703125,15.766943060352643,0.3831967213114754,564.9702187731709,4.884
paper_clean_audio_quality_sample,Kalimat_Klarifikasi,M3,Male,0.03533764183521271,0.220428466796875,15.900602280727307,0.0,887.891944643543,4.824
paper_clean_audio_quality_sample,Kalimat_Klarifikasi,M12,Male,0.05959505960345268,0.44891357421875,17.539049571443254,0.016018306636155607,1013.4695469281925,4.377
paper_clean_audio_quality_sample,Kalimat_Klarifikasi,M11,Male,0.09897421300411224,0.57147216796875,15.229460530314803,0.04904051172707889,843.6705453147702,4.69
paper_clean_audio_quality_sample,Kalimat_Klarifikasi,M6,Male,0.03811191767454147,0.259368896484375,16.65714182911181,0.004081632653061225,1070.6687870195167,7.353
paper_clean_audio_quality_sample,Kalimat_Klarifikasi,M4,Male,0.19047394394874573,0.999969482421875,14.403023431522374,0.1969111969111969,935.1953078081401,5.185
paper_clean_audio_quality_sample,Kalimat_Klarifikasi,F2,Female,0.12217053025960922,0.999969482421875,18.26040573933724,0.23172905525846701,1125.427073239976,5.617
paper_clean_audio_quality_sample,Kalimat_Klarifikasi,F7,Female,0.09931250661611557,0.904022216796875,19.183503193778563,0.3162705667276051,1289.771424378163,5.476
paper_clean_audio_quality_sample,Kalimat_Klarifikasi,M2,Male,0.10531838983297348,0.642059326171875,15.70141895001804,0.42592592592592593,531.9253272556244,4.863
paper_clean_audio_quality_sample,Kalimat_Klarifikasi,M6,Male,0.13379956781864166,0.98675537109375,17.355095761217743,0.2620904836193448,1185.3585003260853,6.418
paper_clean_audio_quality_sample,Kalimat_Klarifikasi,M11,Male,0.05351023003458977,0.34326171875,16.143771078839443,0.004918032786885246,974.1116307024342,6.107
paper_clean_audio_quality_sample,Kalimat_Klarifikasi,F2,Female,0.15438419580459595,1.0,16.22794319693877,0.4058252427184466,911.5842138041115,5.152
paper_clean_audio_quality_sample,Kalimat_Klarifikasi,F4,Female,0.032262783497571945,0.234283447265625,17.220795410524474,0.10790273556231003,991.8326212320038,6.58
paper_clean_audio_quality_sample,Kalimat_Klarifikasi,F4,Female,0.03483591228723526,0.26165771484375,17.514127091807893,0.19293078055964655,981.0804237666484,6.799
paper_clean_audio_quality_sample,Kalimat_Klarifikasi,M7,Male,0.06647508591413498,0.516876220703125,17.814552892348257,0.011904761904761904,860.0318036904946,5.887
paper_clean_audio_quality_sample,Kalimat_Klarifikasi,F5,Female,0.03958958759903908,0.443878173828125,20.993656235096566,0.2189922480620155,1176.417718954229,5.167
paper_clean_audio_quality_sample,Kalimat_Kondisional,F7,Female,0.032728005200624466,0.193115234375,15.417939974025767,0.23768736616702354,991.7308747628217,4.676
paper_clean_audio_quality_sample,Kalimat_Kondisional,F7,Female,0.0645952969789505,0.456329345703125,16.981549968445286,0.25834542815674894,999.312888935625,6.895
paper_clean_audio_quality_sample,Kalimat_Kondisional,M10,Male,0.04820876196026802,0.432525634765625,19.057717453373797,0.028169014084507043,944.2209169745242,7.816
paper_clean_audio_quality_sample,Kalimat_Kondisional,F3,Female,0.09410946071147919,0.549957275390625,15.333913330386117,0.33723196881091616,940.3287040410564,5.1398
paper_clean_audio_quality_sample,Kalimat_Kondisional,M3,Male,0.034707020968198776,0.233856201171875,16.57063102347958,0.007155635062611807,1128.9446249360028,5.591
paper_clean_audio_quality_sample,Kalimat_Kondisional,F3,Female,0.07450158894062042,0.4910888671875,16.379891060948225,0.049008168028004666,928.4672217537138,8.571
paper_clean_audio_quality_sample,Kalimat_Kondisional,F8,Female,0.24583832919597626,1.0,12.187008083670392,0.23655913978494625,1043.7786677924707,7.449
paper_clean_audio_quality_sample,Kalimat_Kondisional,F8,Female,0.08623857796192169,0.53253173828125,15.812878185290511,0.2585034013605442,903.368012932341,5.889
paper_clean_audio_quality_sample,Kalimat_Kondisional,M10,Male,0.043508585542440414,0.2757568359375,16.03902643232751,0.0,811.8784462903599,6.747
paper_clean_audio_quality_sample,Kalimat_Kondisional,F6,Female,0.049131494015455246,0.39178466796875,18.0337492984304,0.010714285714285714,1206.8218161611244,5.608
paper_clean_audio_quality_sample,Kalimat_Kondisional,M9,Male,0.19007152318954468,0.891265869140625,13.421804406426753,0.19540229885057472,660.6251315403462,3.4857
paper_clean_audio_quality_sample,Kalimat_Kondisional,M3,Male,0.061741091310977936,0.40594482421875,16.357854124090434,0.015455950540958269,874.7065530292402,6.476
paper_clean_audio_quality_sample,Kalimat_Kondisional,F4,Female,0.013085037469863892,0.061004638671875,13.371757704618805,0.33867276887871856,642.1000690290625,4.378
paper_clean_audio_quality_sample,Kalimat_Kondisional,F1,Female,0.03973999246954918,0.42333984375,20.549227272030844,0.375,1393.3704527490788,4.807
paper_clean_audio_quality_sample,Kalimat_Kondisional,M11,Male,0.08247210085391998,0.553680419921875,16.53904214748931,0.3192660550458716,894.6893594207273,5.4527
paper_clean_audio_quality_sample,Kalimat_Kondisional,M1,Male,0.08796747028827667,0.43951416015625,13.97301536282924,0.3538767395626243,399.63467642587517,5.036
paper_clean_audio_quality_sample,Kalimat_Kondisional,F3,Female,0.08594565093517303,0.73077392578125,18.591182750204062,0.09927360774818401,938.0451632974232,8.265
paper_clean_audio_quality_sample,Kalimat_Kondisional,M1,Male,0.08860905468463898,0.5360107421875,15.633907792417638,0.37554585152838427,430.5071392952812,4.589
paper_clean_audio_quality_sample,Kalimat_Kondisional,M1,Male,0.03900887444615364,0.23687744140625,15.667205657597682,0.24763705103969755,777.7218206598541,5.295
paper_clean_audio_quality_sample,Kalimat_Kondisional,F8,Female,0.1853596568107605,1.0,14.639695661390256,0.3252032520325203,945.1667395147794,6.157
paper_clean_audio_quality_sample,Kalimat_Kondisional,F2,Female,0.09954356402158737,0.577178955078125,15.265946023072296,0.2809611829944547,633.8006489340587,5.411
paper_clean_audio_quality_sample,Kalimat_Kondisional,F8,Female,0.07824544608592987,0.677947998046875,18.754746224170834,0.3522267206477733,916.1542431292087,4.948
paper_clean_audio_quality_sample,Kalimat_Kondisional,M3,Male,0.04294833913445473,0.283905029296875,16.404534224007442,0.0,1005.5619495882906,6.059
paper_clean_audio_quality_sample,Kalimat_Kondisional,F5,Female,0.10863510519266129,1.0,19.28059620741952,0.2545180722891566,929.7951420013039,6.641
paper_clean_audio_quality_sample,Kalimat_Kondisional,M4,Male,0.0403793528676033,0.289825439453125,17.119542948943657,0.0,849.6873450430685,7.569
paper_clean_audio_quality_sample,Kalimat_Kondisional,M1,Male,0.0444982536137104,0.250946044921875,15.02474774811429,0.35845213849287166,390.3420473167314,4.91
paper_clean_audio_quality_sample,Kalimat_Kondisional,M10,Male,0.050766121596097946,0.380126953125,17.487093561562894,0.009485094850948509,926.2228961910531,7.381
paper_clean_audio_quality_sample,Kalimat_Konfirmasi,M7,Male,0.06864631175994873,0.5618896484375,18.26067644547136,0.07261410788381743,961.0251647374544,4.821
paper_clean_audio_quality_sample,Kalimat_Konfirmasi,M8,Male,0.04849706590175629,0.49530029296875,20.183062392415124,0.04157549234135667,1032.6568449455615,4.575
paper_clean_audio_quality_sample,Kalimat_Konfirmasi,F1,Female,0.04831792414188385,0.30352783203125,15.961805027883624,0.3884462151394422,769.8703280749669,5.025
paper_clean_audio_quality_sample,Kalimat_Konfirmasi,M2,Male,0.05619736388325691,0.721160888671875,22.16632440757222,0.2842535787321063,878.3240547067179,4.895
paper_clean_audio_quality_sample,Kalimat_Konfirmasi,M9,Male,0.08018132299184799,0.470184326171875,15.363898584671446,0.31666666666666665,725.5556086757015,5.405
paper_clean_audio_quality_sample,Kalimat_Konfirmasi,M2,Male,0.10976617783308029,0.915985107421875,18.428397408610714,0.3913894324853229,894.480616722038,5.113
paper_clean_audio_quality_sample,Kalimat_Konfirmasi,F4,Female,0.04569312930107117,0.34320068359375,17.51394482927616,0.19469026548672566,769.9247434798708,5.653
paper_clean_audio_quality_sample,Kalimat_Konfirmasi,M4,Male,0.08177029341459274,0.605010986328125,17.383354087486357,0.059957173447537475,965.0119004789393,4.677
paper_clean_audio_quality_sample,Kalimat_Konfirmasi,M7,Male,0.04674306884407997,0.3902587890625,18.432709395686246,0.022099447513812154,1071.9994889865009,5.435
paper_clean_audio_quality_sample,Kalimat_Konfirmasi,M4,Male,0.03844771161675453,0.248809814453125,16.21994020516638,0.0024330900243309003,917.4830720390669,4.114
paper_clean_audio_quality_sample,Kalimat_Konfirmasi,M6,Male,0.04011930152773857,0.27777099609375,16.806670634583128,0.0,975.9543804828711,5.513
paper_clean_audio_quality_sample,Kalimat_Konfirmasi,M4,Male,0.03820572420954704,0.199310302734375,14.348026225744688,0.0,644.8170350724165,5.563
paper_clean_audio_quality_sample,Kalimat_Konfirmasi,M6,Male,0.06512291729450226,0.538970947265625,18.35663015221202,0.052158273381294966,989.5701278323093,5.56
paper_clean_audio_quality_sample,Kalimat_Konfirmasi,M12,Male,0.04902824014425278,0.5010986328125,20.189538245956342,0.005681818181818182,1249.5144976627853,5.285
paper_clean_audio_quality_sample,Kalimat_Konfirmasi,F5,Female,0.023258572444319725,0.21795654296875,19.43573707556822,0.0,963.1184322443994,6.201
paper_clean_audio_quality_sample,Kalimat_Konfirmasi,M8,Male,0.08511342108249664,0.947113037109375,20.9280753436199,0.3648068669527897,922.6792719413982,4.666
paper_clean_audio_quality_sample,Kalimat_Konfirmasi,M12,Male,0.0573374405503273,0.42608642578125,17.42118790212476,0.01818181818181818,988.1149461485766,3.851
paper_clean_audio_quality_sample,Kalimat_Konfirmasi,M5,Male,0.16024263203144073,1.0,15.904438599455366,0.29295154185022027,586.8993325077943,4.54
paper_clean_audio_quality_sample,Kalimat_Konfirmasi,M3,Male,0.040557220578193665,0.254425048828125,15.949833614044183,0.0,1056.9525052264632,5.145
paper_clean_audio_quality_sample,Kalimat_Konfirmasi,F6,Female,0.06321483850479126,0.50225830078125,18.0021617911957,0.02245508982035928,1164.2841965603952,6.682
paper_clean_audio_quality_sample,Kalimat_Konfirmasi,F7,Female,0.045499857515096664,0.36236572265625,18.022741440595876,0.12210526315789473,1263.9362348020293,4.759
paper_clean_audio_quality_sample,Kalimat_Konfirmasi,M2,Male,0.11753229796886444,0.999969482421875,18.596590366700944,0.32233009708737864,892.7720172487532,5.153
paper_clean_audio_quality_sample,Kalimat_Konfirmasi,M5,Male,0.17277297377586365,1.0,15.250483826788216,0.3856812933025404,545.0643179028643,4.338
paper_clean_audio_quality_sample,Kalimat_Konfirmasi,M4,Male,0.05302031710743904,0.326995849609375,15.801998374737094,0.0,953.917337592974,5.655
paper_clean_audio_quality_sample,Kalimat_Konfirmasi,M7,Male,0.03995824605226517,0.314849853515625,17.929941553347586,0.0054446460980036296,898.8762563908788,5.519
paper_clean_audio_quality_sample,Kalimat_Konfirmasi,M2,Male,0.12034527212381363,1.0,18.391419327129235,0.31993299832495814,840.3500066935052,5.978
paper_clean_audio_quality_sample,Kalimat_Konfirmasi,M3,Male,0.04432135820388794,0.310333251953125,16.90430501504882,0.004032258064516129,1052.5667618009861,4.961
paper_clean_audio_quality_sample,Kalimat_Negasi,M3,Male,0.0869859829545021,0.70806884765625,18.21252423148143,0.26174496644295303,1067.0246163140941,2.9878
paper_clean_audio_quality_sample,Kalimat_Negasi,M8,Male,0.049228813499212265,0.375579833984375,17.649657922313132,0.3351063829787234,1116.3612494224003,3.7628
paper_clean_audio_quality_sample,Kalimat_Negasi,F5,Female,0.06634341925382614,0.572509765625,18.719700953876412,0.23161764705882354,1114.0933162681629,2.7207
paper_clean_audio_quality_sample,Kalimat_Negasi,M4,Male,0.15994274616241455,0.8912353515625,14.920557122081453,0.2886297376093295,1286.3762154107417,3.4377
paper_clean_audio_quality_sample,Kalimat_Negasi,M5,Male,0.1842082142829895,0.890716552734375,13.688610607978138,0.23929471032745592,850.73464115243,3.9787
paper_clean_audio_quality_sample,Kalimat_Negasi,F1,Female,0.03248823806643486,0.187347412109375,15.21843076357541,0.31958762886597936,836.6237154271415,1.9427
paper_clean_audio_quality_sample,Kalimat_Negasi,M10,Male,0.08951682597398758,0.543182373046875,15.660819854676504,0.36065573770491804,1172.3016671434916,3.6627
paper_clean_audio_quality_sample,Kalimat_Negasi,M5,Male,0.11445776373147964,0.72711181640625,16.059118913422466,0.2179176755447942,757.7250008013553,4.1307
paper_clean_audio_quality_sample,Kalimat_Negasi,M10,Male,0.07427942007780075,0.4461669921875,15.572578653332004,0.3253012048192771,1043.4323377660405,2.4937
paper_clean_audio_quality_sample,Kalimat_Negasi,M12,Male,0.10073504596948624,0.803619384765625,18.03739629578313,0.260233918128655,962.8921428015499,3.4257
paper_clean_audio_quality_sample,Kalimat_Negasi,F5,Female,0.05472671240568161,0.41876220703125,17.67536239311653,0.42857142857142855,1268.0711396278919,2.2407
paper_clean_audio_quality_sample,Kalimat_Negasi,M1,Male,0.1376616358757019,0.751495361328125,14.742267555814399,0.26299694189602446,652.5308263049019,3.2757
paper_clean_audio_quality_sample,Kalimat_Negasi,M3,Male,0.1337597817182541,0.8328857421875,15.885197519007608,0.2275132275132275,906.6763824462507,3.7868
paper_clean_audio_quality_sample,Kalimat_Negasi,M12,Male,0.08443939685821533,0.53558349609375,16.04564125602369,0.23857868020304568,1175.0773040779557,3.9468
paper_clean_audio_quality_sample,Kalimat_Negasi,M11,Male,0.11856519430875778,0.6412353515625,14.66120478860943,0.25753424657534246,952.533167300308,3.6578
paper_clean_audio_quality_sample,Kalimat_Negasi,M6,Male,0.11236585676670074,0.7178955078125,16.108537356755413,0.21957671957671956,979.0520823664779,3.7898
paper_clean_audio_quality_sample,Kalimat_Negasi,M4,Male,0.12329307198524475,0.8912353515625,17.181074616119965,0.26038781163434904,1187.1840012550979,3.6187
paper_clean_audio_quality_sample,Kalimat_Negasi,F2,Female,0.10901834070682526,0.85986328125,17.938596712414206,0.23648648648648649,1142.429776570658,4.4497
paper_clean_audio_quality_sample,Kalimat_Negasi,F7,Female,0.1435932219028473,0.8551025390625,15.497685110008668,0.25280898876404495,1586.0816142574126,3.5678
paper_clean_audio_quality_sample,Kalimat_Negasi,M2,Male,0.0984317734837532,0.63671875,16.216246572423735,0.28378378378378377,860.6108483069416,3.7008
paper_clean_audio_quality_sample,Kalimat_Negasi,M6,Male,0.10307005792856216,0.808258056640625,17.888350435150592,0.33146067415730335,1148.2744826768005,7.1297
paper_clean_audio_quality_sample,Kalimat_Negasi,M11,Male,0.10505456477403641,0.5565185546875,14.481294405525817,0.2518703241895262,894.1762052758536,4.0118
paper_clean_audio_quality_sample,Kalimat_Negasi,F2,Female,0.18730255961418152,0.891265869140625,13.549271260901847,0.24945770065075923,1220.8724566931685,4.6158
paper_clean_audio_quality_sample,Kalimat_Negasi,F4,Female,0.1088659018278122,0.580078125,14.531892267849248,0.24739583333333334,913.8583114029379,3.8428
paper_clean_audio_quality_sample,Kalimat_Negasi,F4,Female,0.09177741408348083,0.765289306640625,18.42179655299278,0.3013698630136986,1106.420773886653,5.1108
paper_clean_audio_quality_sample,Kalimat_Negasi,M7,Male,0.07674568146467209,0.536468505859375,16.889805676874673,0.42857142857142855,927.070493301524,2.5997
paper_clean_audio_quality_sample,Kalimat_Negasi,F5,Female,0.07008322328329086,0.48321533203125,16.77053274471824,0.34195402298850575,1136.7587121752827,3.4848
paper_clean_audio_quality_sample,Kalimat_Penjadwalan,M3,Male,0.03137531504034996,0.253753662109375,18.156484438770264,0.009933774834437087,1088.391352472651,6.049
paper_clean_audio_quality_sample,Kalimat_Penjadwalan,M8,Male,0.09501868486404419,0.589599609375,15.854963430542202,0.05534351145038168,838.4953125698656,5.243
paper_clean_audio_quality_sample,Kalimat_Penjadwalan,F5,Female,0.02566266618669033,0.226715087890625,18.923572937959694,0.0,992.9232766821436,4.723
paper_clean_audio_quality_sample,Kalimat_Penjadwalan,M4,Male,0.1375802755355835,0.983001708984375,17.07996195333354,0.16695352839931152,1154.0615086260675,5.819
paper_clean_audio_quality_sample,Kalimat_Penjadwalan,M5,Male,0.20273680984973907,1.0,13.861347827651437,0.225,786.987394142037,5.607
paper_clean_audio_quality_sample,Kalimat_Penjadwalan,F1,Female,0.04152804985642433,0.234527587890625,15.037047971354161,0.3891625615763547,773.021622845022,4.068
paper_clean_audio_quality_sample,Kalimat_Penjadwalan,M10,Male,0.11373107135295868,0.999969482421875,18.882152311136096,0.2515090543259557,1101.9583864884498,4.979
paper_clean_audio_quality_sample,Kalimat_Penjadwalan,M5,Male,0.11368423700332642,0.8455810546875,17.42909984555901,0.45,626.4526706795845,4.206
paper_clean_audio_quality_sample,Kalimat_Penjadwalan,M10,Male,0.03358720988035202,0.224517822265625,16.501537833635922,0.0,908.1783293364994,3.931
paper_clean_audio_quality_sample,Kalimat_Penjadwalan,M12,Male,0.045634206384420395,0.315216064453125,16.786356786233934,0.0017793594306049821,1035.0568065897717,5.62
paper_clean_audio_quality_sample,Kalimat_Penjadwalan,F5,Female,0.07283204048871994,0.748748779296875,20.240272985706618,0.2885375494071146,1202.180700948391,5.064
paper_clean_audio_quality_sample,Kalimat_Penjadwalan,M1,Male,0.04358873516321182,0.27783203125,16.08816092082341,0.325,540.3575602988117,5.601
paper_clean_audio_quality_sample,Kalimat_Penjadwalan,M3,Male,0.0336763821542263,0.19268798828125,15.150584242536604,0.0,776.3319744591299,4.43
paper_clean_audio_quality_sample,Kalimat_Penjadwalan,M12,Male,0.06764863431453705,0.592071533203125,18.842302930935364,0.011406844106463879,946.849971438872,5.267
paper_clean_audio_quality_sample,Kalimat_Penjadwalan,M11,Male,0.15876202285289764,0.999969482421875,15.984802442232233,0.3764705882352941,945.8525919841356,5.103
paper_clean_audio_quality_sample,Kalimat_Penjadwalan,M6,Male,0.040308572351932526,0.3050537109375,17.579577896471474,0.005326231691078562,970.3929710583404,7.511
paper_clean_audio_quality_sample,Kalimat_Penjadwalan,M4,Male,0.27451545000076294,1.0,11.22866415690571,0.1792452830188679,827.5280705399249,5.303
paper_clean_audio_quality_sample,Kalimat_Penjadwalan,F2,Female,0.1292628049850464,0.990936279296875,17.691443051171664,0.36084452975047987,755.3491678166408,5.213
paper_clean_audio_quality_sample,Kalimat_Penjadwalan,F7,Female,0.049077752977609634,0.51312255859375,20.386728737536664,0.26024955436720143,1048.7842471879742,5.616
paper_clean_audio_quality_sample,Kalimat_Penjadwalan,M2,Male,0.09045840799808502,0.742523193359375,18.285221661527487,0.34009360374414976,658.5927845991462,6.412
paper_clean_audio_quality_sample,Kalimat_Penjadwalan,M6,Male,0.04609808325767517,0.2733154296875,15.4596256210829,0.001718213058419244,988.263479415244,5.828
paper_clean_audio_quality_sample,Kalimat_Penjadwalan,M11,Male,0.058638785034418106,0.443267822265625,17.569624839897674,0.010706638115631691,1007.7224093465213,4.671
paper_clean_audio_quality_sample,Kalimat_Penjadwalan,F2,Female,0.29519882798194885,1.0,10.597707419266715,0.31336405529953915,970.7691053031615,6.513
paper_clean_audio_quality_sample,Kalimat_Penjadwalan,F4,Female,0.03522484377026558,0.2252197265625,16.115147000677563,0.07050092764378478,889.7318514858878,5.396
paper_clean_audio_quality_sample,Kalimat_Penjadwalan,F4,Female,0.04173971340060234,0.337158203125,18.145685336954976,0.19283276450511946,848.6136466858205,5.867
paper_clean_audio_quality_sample,Kalimat_Penjadwalan,M7,Male,0.058390457183122635,0.4359130859375,17.461160602643083,0.0211864406779661,859.4093988125132,4.727
paper_clean_audio_quality_sample,Kalimat_Penjadwalan,F5,Female,0.0762929767370224,0.56683349609375,17.41941891019788,0.05289672544080604,900.5068429165409,3.978
paper_clean_audio_quality_sample,Kalimat_Perintah,M3,Male,0.09239407628774643,0.6685791015625,17.19017337750827,0.3117408906882591,840.0145521501338,2.4768
paper_clean_audio_quality_sample,Kalimat_Perintah,M8,Male,0.10521741956472397,0.625762939453125,15.486443832817923,0.47783251231527096,1057.7690865260843,2.0377
paper_clean_audio_quality_sample,Kalimat_Perintah,F5,Female,0.07932388782501221,0.658935546875,18.388778886616706,0.4055299539170507,871.2769388710768,2.1768
paper_clean_audio_quality_sample,Kalimat_Perintah,M4,Male,0.23657862842082977,0.891204833984375,11.520040473882535,0.24107142857142858,1067.489637644415,3.3647
paper_clean_audio_quality_sample,Kalimat_Perintah,M5,Male,0.161843404173851,0.832061767578125,14.221211241880061,0.2206896551724138,753.5190313600715,4.3518
paper_clean_audio_quality_sample,Kalimat_Perintah,F1,Female,0.0839642658829689,0.35791015625,12.593590532246564,0.43386243386243384,496.40562671806816,1.8998
paper_clean_audio_quality_sample,Kalimat_Perintah,M10,Male,0.07346216589212418,0.633819580078125,18.71803844472114,0.41015625,1010.7681614938036,2.5657
paper_clean_audio_quality_sample,Kalimat_Perintah,M5,Male,0.19689232110977173,0.891265869140625,13.115569932193656,0.3574660633484163,671.9882920291102,2.2128
paper_clean_audio_quality_sample,Kalimat_Perintah,M10,Male,0.13098673522472382,0.682220458984375,14.333948423978384,0.4230769230769231,870.8862183666959,2.0848
paper_clean_audio_quality_sample,Kalimat_Perintah,M12,Male,0.0857502892613411,0.6640625,17.779467236753216,0.38974358974358975,980.0904437570457,1.9547
paper_clean_audio_quality_sample,Kalimat_Perintah,F5,Female,0.060460325330495834,0.491180419921875,18.1954113120741,0.4732824427480916,1181.2849057071026,2.6298
paper_clean_audio_quality_sample,Kalimat_Perintah,M1,Male,0.0956355631351471,0.615142822265625,16.16713081817914,0.37735849056603776,665.1675914393701,2.1248
paper_clean_audio_quality_sample,Kalimat_Perintah,M3,Male,0.09631042927503586,0.701690673828125,17.24944770609701,0.3654618473895582,966.1941874124634,2.4928
paper_clean_audio_quality_sample,Kalimat_Perintah,M12,Male,0.0806858167052269,0.522918701171875,16.232739479222914,0.22911694510739858,1082.0146781154976,4.1988
paper_clean_audio_quality_sample,Kalimat_Perintah,M11,Male,0.12365031987428665,0.735443115234375,15.487076843709138,0.328042328042328,1026.6110060781568,5.6787
paper_clean_audio_quality_sample,Kalimat_Perintah,M6,Male,0.09027884155511856,0.589569091796875,16.29897458816442,0.39748953974895396,1152.6469445857576,2.3918
paper_clean_audio_quality_sample,Kalimat_Perintah,M4,Male,0.20324409008026123,0.891204833984375,12.839192144379174,0.20382165605095542,1000.8346876578462,4.7168
paper_clean_audio_quality_sample,Kalimat_Perintah,F2,Female,0.1615191251039505,0.891265869140625,14.835666436714472,0.33791208791208793,1144.1174565911788,3.6408
paper_clean_audio_quality_sample,Kalimat_Perintah,F7,Female,0.06233438849449158,0.601165771484375,19.685330823416407,0.36220472440944884,1332.6583406508823,2.5488
paper_clean_audio_quality_sample,Kalimat_Perintah,M2,Male,0.08908543735742569,0.57073974609375,16.132628014865418,0.2206896551724138,724.6192368759508,4.3567
paper_clean_audio_quality_sample,Kalimat_Perintah,M6,Male,0.09233402460813522,0.68426513671875,17.397252940495274,0.3425196850393701,1089.157605627805,2.5497
paper_clean_audio_quality_sample,Kalimat_Perintah,M11,Male,0.08684668689966202,0.5870361328125,16.59823155346856,0.3213213213213213,1224.5697983757698,3.3348
paper_clean_audio_quality_sample,Kalimat_Perintah,F2,Female,0.14248362183570862,0.845123291015625,15.463102487192305,0.3049645390070922,1228.1131540604213,2.8298
paper_clean_audio_quality_sample,Kalimat_Perintah,F4,Female,0.1316785216331482,0.802734375,15.701138370777596,0.2932551319648094,1038.7570871679598,3.4188
paper_clean_audio_quality_sample,Kalimat_Perintah,F4,Female,0.07885675877332687,0.70599365234375,19.03923746625273,0.38,1222.8725551298035,4.0077
paper_clean_audio_quality_sample,Kalimat_Perintah,M7,Male,0.10070288926362991,0.755401611328125,17.502719507625535,0.41708542713567837,1093.490944898038,1.9928
paper_clean_audio_quality_sample,Kalimat_Perintah,F5,Female,0.12662814557552338,0.8912353515625,16.949243152695022,0.3546099290780142,1245.872377598679,2.8258
paper_clean_audio_quality_sample,Kalimat_Persuasif,M1,Male,0.1377815157175064,0.7410888671875,14.613586617268112,0.18580375782881003,759.0517778060878,4.7918
paper_clean_audio_quality_sample,Kalimat_Persuasif,M10,Male,0.10008363425731659,0.56732177734375,15.06932774433701,0.20599250936329588,817.9797959999432,8.0128
paper_clean_audio_quality_sample,Kalimat_Persuasif,M1,Male,0.11754105985164642,0.66357421875,15.03399803378581,0.1696969696969697,649.646609851468,6.6067
paper_clean_audio_quality_sample,Kalimat_Persuasif,M9,Male,0.08843924850225449,0.41778564453125,13.486169382113758,0.2238033635187581,856.512474782223,7.7367
paper_clean_audio_quality_sample,Kalimat_Persuasif,F5,Female,0.06495168060064316,0.6278076171875,19.704723745152727,0.3029850746268657,1180.229573289532,6.7088
paper_clean_audio_quality_sample,Kalimat_Persuasif,M7,Male,0.07964608818292618,0.790374755859375,19.93337219670725,0.34475806451612906,995.2394614305373,4.9618
paper_clean_audio_quality_sample,Kalimat_Persuasif,F1,Female,0.12715472280979156,0.55487060546875,12.797184453026729,0.1951588502269289,1084.2261103757876,6.6167
paper_clean_audio_quality_sample,Kalimat_Persuasif,M8,Male,0.0889340341091156,0.646881103515625,17.23512943411926,0.2553191489361702,1296.947073622929,4.7088
paper_clean_audio_quality_sample,Kalimat_Persuasif,M9,Male,0.11506950110197067,0.7374267578125,16.135173231194493,0.31589147286821706,934.56986434251,5.1677
paper_clean_audio_quality_sample,Kalimat_Persuasif,F2,Female,0.1599748730659485,0.87677001953125,14.776678330316845,0.20229007633587787,1239.5954339521104,5.2458
paper_clean_audio_quality_sample,Kalimat_Persuasif,M9,Male,0.13661634922027588,0.891265869140625,16.290091994707332,0.22395833333333334,736.7446883619461,5.7618
paper_clean_audio_quality_sample,Kalimat_Persuasif,M2,Male,0.0947321429848671,0.73260498046875,17.767450090555485,0.22547332185886404,905.0819232346254,5.8197
paper_clean_audio_quality_sample,Kalimat_Persuasif,M7,Male,0.048692092299461365,0.25079345703125,14.237155289823988,0.22988505747126436,805.4972176411123,6.0977
paper_clean_audio_quality_sample,Kalimat_Persuasif,M4,Male,0.04702236130833626,0.300018310546875,16.096866520832926,0.15208034433285508,883.9233042341926,6.9748
paper_clean_audio_quality_sample,Kalimat_Persuasif,F8,Female,0.10321405529975891,0.537994384765625,14.340778009763715,0.18664383561643835,992.9098514100575,5.8498
paper_clean_audio_quality_sample,Kalimat_Persuasif,F6,Female,0.08932898938655853,0.56005859375,15.944820888726346,0.2512479201331115,1153.0929515766516,6.0178
paper_clean_audio_quality_sample,Kalimat_Persuasif,M2,Male,0.08519868552684784,0.58624267578125,16.75289070021965,0.2551867219917012,902.5465741966372,4.8217
paper_clean_audio_quality_sample,Kalimat_Persuasif,M2,Male,0.10331852734088898,0.856842041015625,18.37445118644989,0.2302158273381295,1020.2658050519243,5.5667
paper_clean_audio_quality_sample,Kalimat_Persuasif,M7,Male,0.09192062169313431,0.6248779296875,16.647644649235684,0.2467289719626168,947.9509060074992,5.3518
paper_clean_audio_quality_sample,Kalimat_Persuasif,M4,Male,0.1308813840150833,0.88494873046875,16.600804627992876,0.23497267759562843,1003.0312228122782,7.3208
paper_clean_audio_quality_sample,Kalimat_Persuasif,M9,Male,0.10521509498357773,0.657135009765625,15.911531068847145,0.3319615912208505,901.5182501370272,7.2918
paper_clean_audio_quality_sample,Kalimat_Persuasif,F1,Female,0.05455327406525612,0.3897705078125,17.07976307639195,0.22780569514237856,1068.542775971111,5.9757
paper_clean_audio_quality_sample,Kalimat_Persuasif,M3,Male,0.1081119030714035,0.8912353515625,18.322377843929225,0.14655172413793102,935.7525900443372,6.9638
paper_clean_audio_quality_sample,Kalimat_Persuasif,M2,Male,0.0845940038561821,0.619415283203125,17.292846710597164,0.21631205673758866,982.225847596643,5.6428
paper_clean_audio_quality_sample,Kalimat_Persuasif,M7,Male,0.05540754273533821,0.473175048828125,18.62905889467834,0.27461139896373055,949.8588510935024,5.7977
paper_clean_audio_quality_sample,Kalimat_Persuasif,M12,Male,0.06941812485456467,0.508026123046875,17.288263315227688,0.14054054054054055,913.9522879850055,7.4058
paper_clean_audio_quality_sample,Kalimat_Persuasif,F8,Female,0.10029853880405426,0.51708984375,14.245428026179654,0.20512820512820512,868.03120350615,5.8567
paper_clean_audio_quality_sample,Kalimat_Retoris,M3,Male,0.056719325482845306,0.371856689453125,16.3328908060666,0.2532981530343008,1035.4374165500672,3.7988
paper_clean_audio_quality_sample,Kalimat_Retoris,M8,Male,0.1376020610332489,0.770538330078125,14.963386163059422,0.2771929824561403,919.3899546910743,2.8567
paper_clean_audio_quality_sample,Kalimat_Retoris,F5,Female,0.08839945495128632,0.6036376953125,16.686535290778423,0.33214285714285713,1085.4027167874394,2.8058
paper_clean_audio_quality_sample,Kalimat_Retoris,M4,Male,0.08356237411499023,0.583038330078125,16.87372672388397,0.2510204081632653,911.904275980404,4.9078
paper_clean_audio_quality_sample,Kalimat_Retoris,M5,Male,0.11158492416143417,0.76470947265625,16.717818939119336,0.24874371859296482,825.0224606928197,3.9838
paper_clean_audio_quality_sample,Kalimat_Retoris,F1,Female,0.06899380683898926,0.715179443359375,20.312098275919226,0.30022075055187636,933.3608933772564,4.5388
paper_clean_audio_quality_sample,Kalimat_Retoris,M10,Male,0.08641690015792847,0.742919921875,18.68686640234681,0.30490018148820325,1050.404562089346,5.5137
paper_clean_audio_quality_sample,Kalimat_Retoris,M5,Male,0.10663894563913345,0.62908935546875,15.415929877470687,0.23097826086956522,927.3604928322085,3.6818
paper_clean_audio_quality_sample,Kalimat_Retoris,M10,Male,0.06597006320953369,0.45819091796875,16.833991514206545,0.35856573705179284,1006.3599975760262,2.5198
paper_clean_audio_quality_sample,Kalimat_Retoris,M12,Male,0.08711467683315277,0.635528564453125,17.26087489497294,0.34967320261437906,1124.9384593550158,3.0657
paper_clean_audio_quality_sample,Kalimat_Retoris,F5,Female,0.062328945845365524,0.695404052734375,20.95094869681982,0.3118279569892473,1251.0360798596887,2.7988
paper_clean_audio_quality_sample,Kalimat_Retoris,M1,Male,0.13757283985614777,0.891265869140625,16.22949145953993,0.3524229074889868,488.4596840389038,2.2738
paper_clean_audio_quality_sample,Kalimat_Retoris,M3,Male,0.11529088020324707,0.891265869140625,17.764246407296447,0.24367088607594936,847.0091203690191,3.1627
paper_clean_audio_quality_sample,Kalimat_Retoris,M12,Male,0.0990171730518341,0.697296142578125,16.954134784762417,0.23404255319148937,1039.6292761664206,3.7637
paper_clean_audio_quality_sample,Kalimat_Retoris,M11,Male,0.08306780457496643,0.404754638671875,13.755182032620388,0.22950819672131148,890.2418358527126,4.2717
paper_clean_audio_quality_sample,Kalimat_Retoris,M6,Male,0.1723342090845108,0.8912353515625,14.272418184435844,0.31333333333333335,1176.0808791458946,3.0038
paper_clean_audio_quality_sample,Kalimat_Retoris,M4,Male,0.09455233067274094,0.855194091796875,19.127849058042557,0.2531017369727047,1019.8495185109971,4.0317
paper_clean_audio_quality_sample,Kalimat_Retoris,F2,Female,0.14429348707199097,0.82452392578125,15.13913066316433,0.2684931506849315,1033.9025397816201,3.6547
paper_clean_audio_quality_sample,Kalimat_Retoris,F7,Female,0.09419800341129303,0.7662353515625,18.206409736499708,0.22162162162162163,1626.1210506443595,5.5548
paper_clean_audio_quality_sample,Kalimat_Retoris,M2,Male,0.17536599934101105,0.8912353515625,14.120940202299025,0.24438902743142144,930.9972619603352,4.0148
paper_clean_audio_quality_sample,Kalimat_Retoris,M6,Male,0.0506148561835289,0.36810302734375,17.233827622604867,0.26299694189602446,1117.3621541402624,3.2788
paper_clean_audio_quality_sample,Kalimat_Retoris,M11,Male,0.1452348679304123,0.71160888671875,13.803409371482562,0.25992063492063494,837.7708827045004,5.0438
paper_clean_audio_quality_sample,Kalimat_Retoris,F2,Female,0.2355668544769287,0.891265869140625,11.55786185173405,0.16817359855334538,1205.208977605263,5.5317
paper_clean_audio_quality_sample,Kalimat_Retoris,F4,Female,0.0984366163611412,0.7896728515625,18.085810602487022,0.3018242122719735,1013.1852532065678,6.0367
paper_clean_audio_quality_sample,Kalimat_Retoris,F4,Female,0.06409583985805511,0.529815673828125,18.345899178112166,0.32854578096947934,1132.2450944491236,5.5747
paper_clean_audio_quality_sample,Kalimat_Retoris,M7,Male,0.06862645596265793,0.722564697265625,20.447703342242146,0.30217391304347824,949.0733088867566,4.6067
paper_clean_audio_quality_sample,Kalimat_Retoris,F5,Female,0.05961094796657562,0.614410400390625,20.262650591399517,0.3894736842105263,1131.4716994697178,3.8037
paper_clean_audio_quality_sample,Kalimat_Seruan,M3,Male,0.08379772305488586,0.436065673828125,14.32639365156087,0.23488372093023255,1190.1298997653466,4.3068
paper_clean_audio_quality_sample,Kalimat_Seruan,M8,Male,0.09148366004228592,0.557037353515625,15.690815739991983,0.3536977491961415,1001.6671863516555,3.1117
paper_clean_audio_quality_sample,Kalimat_Seruan,F5,Female,0.05447335168719292,0.4857177734375,19.003997938923106,0.35501355013550134,1034.1885862653858,3.6917
paper_clean_audio_quality_sample,Kalimat_Seruan,M4,Male,0.1688520610332489,0.891204833984375,14.449423343382845,0.34375,1098.5717537940789,3.8457
paper_clean_audio_quality_sample,Kalimat_Seruan,M5,Male,0.10805179178714752,0.74639892578125,16.78678064517411,0.34516129032258064,713.9947485612702,3.1018
paper_clean_audio_quality_sample,Kalimat_Seruan,F1,Female,0.11871664971113205,0.7196044921875,15.651644670001644,0.22580645161290322,992.5220835398501,3.7268
paper_clean_audio_quality_sample,Kalimat_Seruan,M10,Male,0.06635063141584396,0.43408203125,16.31453495786761,0.4523076923076923,1032.4460266230524,3.2597
paper_clean_audio_quality_sample,Kalimat_Seruan,M5,Male,0.12985782325267792,0.795318603515625,15.741460444411771,0.363265306122449,776.8861409013093,2.4558
paper_clean_audio_quality_sample,Kalimat_Seruan,M10,Male,0.08383355289697647,0.51947021484375,15.842855571844572,0.25668449197860965,995.651879817845,3.7407
paper_clean_audio_quality_sample,Kalimat_Seruan,M12,Male,0.08651182800531387,0.59014892578125,16.677722632506416,0.27548209366391185,1304.5267988469486,3.6347
paper_clean_audio_quality_sample,Kalimat_Seruan,F5,Female,0.04092571511864662,0.464599609375,21.101651248591764,0.3738019169329074,1395.8327419842435,3.1328
paper_clean_audio_quality_sample,Kalimat_Seruan,M1,Male,0.1160941943526268,0.705413818359375,15.672669207808955,0.2777777777777778,912.8388859898771,3.6088
paper_clean_audio_quality_sample,Kalimat_Seruan,M3,Male,0.11633329838514328,0.891265869140625,17.686064669428504,0.3225806451612903,833.6841855859536,3.4137
paper_clean_audio_quality_sample,Kalimat_Seruan,M12,Male,0.09188750386238098,0.5982666015625,16.272766087910618,0.3167701863354037,952.6501936878733,3.2247
paper_clean_audio_quality_sample,Kalimat_Seruan,M11,Male,0.14122921228408813,0.794921875,15.007998222593933,0.41509433962264153,914.4246408984495,3.1848
paper_clean_audio_quality_sample,Kalimat_Seruan,M6,Male,0.08206938207149506,0.469085693359375,15.141420471852909,0.3208955223880597,1362.7337859367728,4.0258
paper_clean_audio_quality_sample,Kalimat_Seruan,M4,Male,0.21178050339221954,0.891204833984375,12.481831140403226,0.35119047619047616,834.3450708831111,3.3607
paper_clean_audio_quality_sample,Kalimat_Seruan,F2,Female,0.11366362124681473,0.7735595703125,16.657445497021396,0.29646017699115046,1038.4839802840477,4.5248
paper_clean_audio_quality_sample,Kalimat_Seruan,F7,Female,0.10137251019477844,0.781707763671875,17.742484483187376,0.4306049822064057,864.4104931027556,2.8127
paper_clean_audio_quality_sample,Kalimat_Seruan,M2,Male,0.10727226734161377,0.589141845703125,14.794648209726542,0.3524904214559387,658.5277818841724,2.6168
paper_clean_audio_quality_sample,Kalimat_Seruan,M6,Male,0.06270915269851685,0.548858642578125,18.842591474080386,0.34759358288770054,1044.338366382872,3.7447
paper_clean_audio_quality_sample,Kalimat_Seruan,M11,Male,0.09350521862506866,0.646942138671875,16.800591788994154,0.3473389355742297,1034.6632150902356,3.5718
paper_clean_audio_quality_sample,Kalimat_Seruan,F2,Female,0.13511334359645844,0.86572265625,16.133610830939183,0.2845303867403315,1111.726777106598,3.6208
paper_clean_audio_quality_sample,Kalimat_Seruan,F4,Female,0.09152575582265854,0.54345703125,15.47243775140246,0.32323232323232326,1123.2220634141995,3.9647
paper_clean_audio_quality_sample,Kalimat_Seruan,F4,Female,0.0918324664235115,0.76751708984375,18.441836105306958,0.4231578947368421,1231.8097838432143,4.7547
paper_clean_audio_quality_sample,Kalimat_Seruan,M7,Male,0.04738716036081314,0.3135986328125,16.414269500044632,0.23243243243243245,874.1549801701503,3.7048
paper_clean_audio_quality_sample,Kalimat_Seruan,F5,Female,0.08337665349245071,0.512664794921875,15.775780696986763,0.37464788732394366,1242.9768639385327,3.5528
paper_clean_audio_quality_sample,Kalimat_Tanya,F8,Female,0.09247753024101257,0.88092041015625,19.57800898295745,0.5642458100558659,658.7949653270217,3.587
paper_clean_audio_quality_sample,Kalimat_Tanya,M9,Male,0.07893219590187073,0.55059814453125,16.871611157666035,0.3393316195372751,423.5018484803389,3.891
paper_clean_audio_quality_sample,Kalimat_Tanya,M10,Male,0.02982277050614357,0.192840576171875,16.213008648505685,0.0,931.1104249853673,5.751
paper_clean_audio_quality_sample,Kalimat_Tanya,F3,Female,0.08410938829183578,0.742828369140625,18.920880128358693,0.15529411764705883,923.6342816665185,4.254
paper_clean_audio_quality_sample,Kalimat_Tanya,M3,Male,0.03284931555390358,0.202972412109375,15.8182137298492,0.0,1158.6044417989476,3.458
paper_clean_audio_quality_sample,Kalimat_Tanya,F3,Female,0.03470344468951225,0.26263427734375,17.579576404286502,0.4119170984455959,1418.5426813247584,3.86
paper_clean_audio_quality_sample,Kalimat_Tanya,F8,Female,0.21326163411140442,1.0,13.42174534285796,0.475177304964539,766.1541874745708,4.231
paper_clean_audio_quality_sample,Kalimat_Tanya,M11,Male,0.05467558279633522,0.407928466796875,17.45581182689395,0.0049504950495049506,971.4369199963663,4.049
paper_clean_audio_quality_sample,Kalimat_Tanya,M10,Male,0.025097019970417023,0.161529541015625,16.172596020973316,0.0,868.6482945486177,4.138
paper_clean_audio_quality_sample,Kalimat_Tanya,M7,Male,0.03846806660294533,0.2518310546875,16.32017847815501,0.08904109589041095,1118.8015852868039,4.384
paper_clean_audio_quality_sample,Kalimat_Tanya,M9,Male,0.13025987148284912,0.9852294921875,17.57453515979325,0.5592783505154639,353.2641022457726,3.881
paper_clean_audio_quality_sample,Kalimat_Tanya,M3,Male,0.04590850695967674,0.302978515625,16.390373275018426,0.0022988505747126436,854.4275022304297,4.35
paper_clean_audio_quality_sample,Kalimat_Tanya,F4,Female,0.04604180529713631,0.318206787109375,16.791141873580344,0.001303780964797914,1418.6931172992636,7.673
paper_clean_audio_quality_sample,Kalimat_Tanya,F1,Female,0.028524452820420265,0.18597412109375,16.284703824583698,0.45108695652173914,1144.1441348515684,3.688
paper_clean_audio_quality_sample,Kalimat_Tanya,F7,Female,0.026270568370819092,0.155731201171875,15.458123255072094,0.3712121212121212,677.6240659615183,3.966
paper_clean_audio_quality_sample,Kalimat_Tanya,M1,Male,0.07205189019441605,0.4892578125,16.637847802668524,0.48623853211009177,419.3673085425214,3.274
paper_clean_audio_quality_sample,Kalimat_Tanya,F3,Female,0.03880290687084198,0.248260498046875,16.12086719515002,0.0,1377.9526191800276,4.546
paper_clean_audio_quality_sample,Kalimat_Tanya,M1,Male,0.1058310866355896,0.702545166015625,16.44121988296603,0.45012787723785164,437.2826305228227,3.911
paper_clean_audio_quality_sample,Kalimat_Tanya,M1,Male,0.03567998856306076,0.176483154296875,13.885570992645002,0.4230769230769231,510.06568637100656,4.429
paper_clean_audio_quality_sample,Kalimat_Tanya,M12,Male,0.032125119119882584,0.21832275390625,16.64508505591744,0.0027472527472527475,997.8515051290757,3.649
paper_clean_audio_quality_sample,Kalimat_Tanya,F2,Female,0.09986062347888947,0.74224853515625,17.423101510063365,0.29694323144104806,811.4997516458485,4.585
paper_clean_audio_quality_sample,Kalimat_Tanya,F8,Female,0.07915151864290237,0.501953125,16.044078198496443,0.4361111111111111,790.4254868012874,3.602
paper_clean_audio_quality_sample,Kalimat_Tanya,M3,Male,0.03712961822748184,0.262176513671875,16.977465982810628,0.0,966.4036253495995,4.52
paper_clean_audio_quality_sample,Kalimat_Tanya,F5,Female,0.06466346979141235,0.6312255859375,19.790511773286788,0.07142857142857142,913.6240811327041,4.069
paper_clean_audio_quality_sample,Kalimat_Tanya,M4,Male,0.0621730275452137,0.50665283203125,18.222169156128967,0.0397196261682243,1029.1179017668553,4.285
paper_clean_audio_quality_sample,Kalimat_Tanya,M1,Male,0.03153997287154198,0.18408203125,15.323001621628858,0.4753246753246753,414.8547739771362,3.853
paper_clean_audio_quality_sample,Kalimat_Tanya,M10,Male,0.024143502116203308,0.174285888671875,17.16923913680336,0.0,812.3911435614484,3.385
