model_id,model_family,normalizer_id,n_test_items,reference_words,word_errors,wer,wer_percent,reference_characters,character_errors,cer,cer_percent,parameters,canonical_reference_match,audio_path_match,predictions_csv,predictions_sha256,native_wer,native_cer,native_reference_words,native_reference_characters,native_metric_status
m07-bilstm-ctc,Bi-LSTM CTC,nssid_project_uniform_v1,15376,135911,5453,0.0401218444423189,4.012184,942599,12460,0.0132187706543291,1.321877,32825659,True,True,training/m07_bilstm_ctc/runs/run_paper_20260602_133815_linux/test_results/predictions.csv,82d10f3efa5df6e69427bb572644e6806b321c35b3f8c7f939da4520aba0a403,0.0401218444423189,0.0132166488612867,135911,942599,run-native; do not compare or rank across recipes
m06-conformer-ctc,Conformer-CTC,nssid_project_uniform_v1,15376,135911,1623,0.0119416382779907,1.194164,942599,4072,0.00431997063438429,0.431997,11048219,True,True,training/m06_conformer_ctc/runs/run_paper_20260601_213050_linux/test_results/predictions.csv,783e5b66ec74c067d98618c09f98161987d30f33d2e8d6b482eb094a4fdb16bd,0.0119416382779907,0.00432209242742672,135911,942599,run-native; do not compare or rank across recipes
m09-dnn-hmm,DNN-HMM (hybrid),nssid_project_uniform_v1,15376,135911,128984,0.949032822950313,94.903282,942599,796444,0.844944668941936,84.494467,1448336,True,True,training_conventional/m09_dnn_hmm/runs/run_paper_20260530_133634/test_results/predictions.csv,64adc4ddbcc5f2c92f9c692108f8ffa57ea0d00459a9becb50a95cc4646b9b12,0.970802651768213,0.843709728794576,136211,960674,run-native; do not compare or rank across recipes
m10-gmm-hmm-dnn,GMM-HMM-DNN (3-stage),nssid_project_uniform_v1,15376,135911,129865,0.955515006143726,95.551501,942599,802313,0.851171070624942,85.117107,1448336,True,True,training_conventional/m10_gmm_hmm_dnn/runs/run_paper_20260531_071736/test_results/predictions.csv,40b9f123e856536c9738605d8a3469314fd3b46710b7ec4e8c7e93a239619a2f,0.970332792505745,0.851567753473082,136211,960674,run-native; do not compare or rank across recipes
m08-hmm-gmm,HMM-GMM (classical),nssid_project_uniform_v1,15376,135911,130428,0.959657422872321,95.965742,942599,678859,0.720199151494962,72.019915,511005,True,True,training_conventional/m08_hmm_gmm/runs/run_paper_20260530/test_results/predictions.csv,60e4e3755af82bc6c43b65bedeca9005285a1bb6dad49172da18dd70cf1f4265,0.963321611323608,0.720461884052238,136211,960674,run-native; do not compare or rank across recipes
m11-vanilla-transformer,Vanilla Transformer,nssid_project_uniform_v1,15376,135911,5938,0.0436903561889766,4.369036,942599,30827,0.0327042570594707,3.270426,4212688,True,True,training_conventional/m11_vanilla_transformer/runs/run_full_20260529_042328/test_results/predictions.csv,491c922031c6f1a1729d3e1942b391774406e77aad5d0ec2cf41d28999d392b2,0.0439318410407383,0.0326697714313076,136211,960674,run-native; do not compare or rank across recipes
m12-vit-modified-ID,ViT-modified-ID,nssid_project_uniform_v1,15376,135911,2394,0.0176144682917497,1.761447,942599,12234,0.0129790080405347,1.297901,4353248,True,True,training_conventional/m12_vit_modified/runs/run_full_20260528_223323/test_results/predictions.csv,59cb20fe4aa375ecfd113ed0be3c34c238d1dc853e0aafcee548e3d1f58838d9,0.0177665533620633,0.0130096161653173,136211,960674,run-native; do not compare or rank across recipes
m13-wav2letter,Wav2Letter-style CNN-CTC,nssid_project_uniform_v1,15376,135911,12074,0.088837548101331,8.883755,942599,48578,0.0515362312075442,5.153623,24840900,True,True,training_conventional/m13_wav2letter_cnn/runs/run_paper_20260531_230637/test_results/predictions.csv,f926936d94d905300a52af941f280c6c99493094376f48053595f972421649ae,0.0929293522549574,0.0519645582164189,136211,960674,run-native; do not compare or rank across recipes
m02b-whisper-small-ft,Whisper-small FT,nssid_project_uniform_v1,15376,135911,253,0.00186151231320497,0.186151,942599,1321,0.00140144430452398,0.140144,241734912,True,True,Colab_ASR_A100_Training/results/Results/m02b_whisper_small_ft/run_paper_20260604_005100_colab_a100_paper_exact/test_results/predictions.csv,30ed614cf6d5040d46d247b92369585da3db74afdd85907bbf88080da3cc5090,0.00852354068320473,0.00185702954384109,136211,960674,run-native; do not compare or rank across recipes
