rank,word,freq
1,yang,26500
2,kamu,24000
3,apakah,21017
4,saya,19500
5,jika,18016
6,di,14517
7,untuk,14500
8,sudah,14500
9,kita,13021
10,akan,12511
11,ini,12000
12,tolong,11517
13,lebih,10010
14,dengan,9523
15,ke,8500
16,bisa,8010
17,tidak,8000
18,jadwal,6000
19,semua,5517
20,dan,5500
21,tugas,5000
22,itu,5000
23,palembang,4500
24,belajar,4500
25,kampus,4500
26,sistem,4000
27,minggu,4000
28,dari,4000
29,bukan,4000
30,banyak,3510
31,ini?,3500
32,ruang,3500
33,buat,3500
34,waktu,3011
35,ada,3006
36,cara,3006
37,mahasiswa,3000
38,kegiatan,3000
39,adalah,3000
40,apa,3000
41,setiap,3000
42,atur,3000
43,ambilkan,3000
44,!,3000
45,dalam,3000
46,bukankah,3000
47,pastikan,2517
48,tempat,2500
49,kuliah,2500
50,dosen,2500
51,harus,2500
52,menjadi,2500
53,masyarakat,2500
54,warga,2500
55,bisakah,2500
56,hasil,2500
57,sesuai,2500
58,semakin,2500
59,program,2500
60,hari,2500
61,jadwalkan,2500
62,dimana,2500
63,"ayo,",2500
64,siapa,2500
65,berapa,2500
66,kota,2000
67,mata,2000
68,sangat,2000
69,yakin,2000
70,bahwa,2000
71,akhir,2000
72,laboratorium,2000
73,bagian,2000
74,membantu,2000
75,ingin,2000
76,pendidikan,2000
77,"robot,",2000
78,"ini,",2000
79,makanan,2000
80,menyelesaikan,2000
81,depan.,2000
82,berkurang.,2000
83,data,2000
84,publik,2000
85,laporan,2000
86,belum,2000
87,praktikum,2000
88,secara,2000
89,dasar,2000
90,remote,2000
91,penghapus,2000
92,letakkan,2000
93,lab,2000
94,pada,2000
95,terus,1510
96,membutuhkan,1500
97,sedang,1500
98,kelompok,1500
99,memberikan,1500
100,lingkungan,1500
101,hidup,1500
102,generasi,1500
103,ujian,1500
104,dilaksanakan,1500
105,depan,1500
106,topik,1500
107,rumah,1500
108,konfirmasi,1500
109,ini.,1500
110,memastikan,1500
111,sama,1500
112,saat,1500
113,tamu,1500
114,bekerja,1500
115,udara,1500
116,resmi,1500
117,jawab,1500
118,pagi,1500
119,keluarga,1500
120,luar,1500
121,botol,1500
122,antarkan,1500
123,spidol,1500
124,pak,1500
125,cangkir,1500
126,jelaskan,1500
127,sebelum,1500
128,meja,1500
129,coba,1500
130,seharusnya,1500
131,berhasil,1500
132,kampus?,1500
133,kapan,1500
134,baik,1017
135,jangan,1011
136,masalah,1006
137,bagaimana,1006
138,kontrol.,1000
139,mendukung,1000
140,proses,1000
141,perlu,1000
142,mengatur,1000
143,menjaga,1000
144,universitas,1000
145,satu,1000
146,perguruan,1000
147,tinggi,1000
148,palembang.,1000
149,menyediakan,1000
150,fasilitas,1000
151,kelas,1000
152,paham,1000
153,perpustakaan,1000
154,referensi,1000
155,menjelaskan,1000
156,telah,1000
157,capai,1000
158,selesai,1000
159,memproses,1000
160,tersedia?,1000
161,mengulang,1000
162,instruksi,1000
163,baru,1000
164,saja,1000
165,atau,1000
166,berikutnya?,1000
167,pintu,1000
168,suhu,1000
169,periksa,1000
170,pengaturan,1000
171,elektronik,1000
172,ruangan,1000
173,lampu,1000
174,dimatikan.,1000
175,pertemuan,1000
176,tadi?,1000
177,indralaya,1000
178,sore,1000
179,masih,1000
180,punya,1000
181,"waktu,",1000
182,baru.,1000
183,cepat,1000
184,mereka,1000
185,mendapat,1000
186,informasi,1000
187,meningkat.,1000
188,meningkatkan,1000
189,mengajar,1000
190,efektif.,1000
191,menerapkan,1000
192,siswa,1000
193,tepat,1000
194,pihak,1000
195,pembangunan,1000
196,mengurangi,1000
197,jalanan,1000
198,"lingkungan,",1000
199,segar.,1000
200,diri,1000
201,tentang,1000
202,memiliki,1000
203,sekitar,1000
204,siap,1000
205,tantangan,1000
206,peduli,1000
207,seminar,1000
208,memeriksa,1000
209,dokumen,1000
210,menyiram,1000
211,tanaman,1000
212,pengumuman,1000
213,mahasiswa?,1000
214,mengunggah,1000
215,pelayanan,1000
216,suka,1000
217,bantuan,1000
218,rapat,1000
219,memahami,1000
220,materi,1000
221,anggaran,1000
222,hanya,1000
223,pemerintah,1000
224,mendapatkan,1000
225,tanggung,1000
226,kendaraan,1000
227,siapkan,1000
228,agenda,1000
229,pengingat,1000
230,sosial,1000
231,bulan,1000
232,presentasi,1000
233,tunjukkan,1000
234,minum,1000
235,itu!,1000
236,firdaus,1000
237,keselamatan,1000
238,digunakan,1000
239,agar,1000
240,mencari,1000
241,merasakan,1000
242,bergabunglah,1000
243,mari,1000
244,kualitas,1000
245,sekolah,1000
246,suasana,1000
247,penuh,1000
248,bermanfaat!,1000
249,lakukan,1000
250,prosedur,1000
251,saling,1000
252,mengulangi,1000
253,"rakyat,",1000
254,kepentingan,1000
255,sama?,1000
256,rakyat,1000
257,orang,1000
258,siswa?,1000
259,tidakkah,1000
260,"wah,",1000
261,"hebat,",1000
262,"selamat,",1000
263,"aduh,",1000
264,kenapa,1000
265,ini!,1000
266,praktikum?,1000
267,kantin,1000
268,bus,1000
269,kendali?,1000
270,mengakses,1000
271,lokasi,1000
272,cctv,517
273,membuat,511
274,bersama,511
275,lupa,511
276,pekerjaan,510
277,peralatan,506
278,rekomendasi,500
279,wisata,500
280,kami,500
281,mengerjakan,500
282,pembimbing,500
283,masukan,500
284,membangun.,500
285,akademik,500
286,positif,500
287,antara,500
288,lainnya,500
289,makhluk,500
290,air,500
291,bertahan,500
292,mendatang,500
293,usaha,500
294,mengkhianati,500
295,hasil.,500
296,percaya,500
297,investasi,500
298,jangka,500
299,panjang,500
300,semester,500
301,sriwijaya,500
302,salah,500
303,ternama,500
304,lengkap.,500
305,diskusi,500
306,dibahas.,500
307,ilmiah,500
308,aktif,500
309,mengikuti,500
310,organisasi,500
311,kemahasiswaan,500
312,bangga,500
313,transportasi,500
314,lrt,500
315,mobilitas,500
316,berkontribusi,500
317,kemajuan,500
318,melalui,500
319,pernah,500
320,tuan,500
321,asian,500
322,games,500
323,2018,500
324,jakarta,500
325,langkah-langkahnya,500
326,detail?,500
327,langkah-langkah,500
328,diberikan,500
329,benar?,500
330,dapat,500
331,sejauh,500
332,perintah,500
333,terjadi?,500
334,memperjelas,500
335,dimaksud,500
336,itu?,500
337,cari,500
338,dapatkah,500
339,berikan?,500
340,melanjutkan,500
341,beralih,500
342,mengecek,500
343,terkunci?,500
344,memanaskan,500
345,tentukan?,500
346,memindahkan,500
347,benda,500
348,berbeda?,500
349,ac,500
350,verifikasi,500
351,dimatikan,500
352,keluar,500
353,bebas,500
354,debu?,500
355,garasi,500
356,tertutup,500
357,baik?,500
358,tuju,500
359,mencatat,500
360,kehadiran,500
361,pergi,500
362,bis,500
363,ada?,500
364,membaca,500
365,buku,500
366,memperoleh,500
367,pengetahuan,500
368,pelajaran,500
369,"hari,",500
370,menguasainya.,500
371,"setuju,",500
372,mulai,500
373,proyek,500
374,"lanjut,",500
375,mengambil,500
376,keputusan,500
377,baik.,500
378,"berlatih,",500
379,kemampuanmu,500
380,"teknologi,",500
381,metode,500
382,pengajaran,500
383,"interaktif,",500
384,tertarik.,500
385,dikumpulkan,500
386,tambahan,500
387,nilai.,500
388,"sama,",500
389,infrastruktur,500
390,merata.,500
391,penggunaan,500
392,"plastik,",500
393,sampah,500
394,kebersihan,500
395,festival,500
396,budaya,500
397,"ramai,",500
398,meriah.,500
399,mengedukasi,500
400,"kesehatan,",500
401,tingkat,500
402,penyakit,500
403,kesadaran,500
404,"tinggi,",500
405,kriminalitas,500
406,pelatihan,500
407,"keterampilan,",500
408,menghadapi,500
409,kerja.,500
410,polusi,500
411,unggah,500
412,diterima?,500
413,berikan,500
414,buat?,500
415,bentrok,500
416,datang.,500
417,mengupdate,500
418,e-government,500
419,terbaru?,500
420,menerima,500
421,umpan,500
422,balik,500
423,mengenai,500
424,terakhir?,500
425,diperlukan,500
426,"serahkan?""",500
427,seperti,500
428,minta?,500
429,disajikan?,500
430,mengirimkan,500
431,email,500
432,seluruh,500
433,akreditasi,500
434,terbaru,500
435,pusat,500
436,data?,500
437,pencahayaan,500
438,pendingin,500
439,auditorium?,500
440,website,500
441,resmi?,500
442,kantor,500
443,berjalan,500
444,normal?,500
445,aplikasi,500
446,layanan,500
447,tersedia,500
448,diakses,500
449,warga.,500
450,ktp,500
451,mendaftar,500
452,menyiapkan,500
453,gotong,500
454,royong,500
455,seberang,500
456,ulu?,500
457,makan,500
458,pedas,500
459,ganggu,500
460,"saya,",500
461,koordinasi,500
462,antarinstansi,500
463,kelulusan,500
464,diumumkan,500
465,dia,500
466,mengabaikan,500
467,nasional,500
468,wajib.,500
469,diwajibkan,500
470,mengenakan,500
471,jas,500
472,almamater,500
473,fisik,500
474,sekolah.,500
475,formulir,500
476,krs,500
477,dikembalikan,500
478,administrasi.,500
479,menghentikan,500
480,upaya,500
481,pengangguran.,500
482,himpunan,500
483,izin,500
484,musyawarah,500
485,desa,500
486,dilakukan,500
487,terbuka.,500
488,sepenuhnya.,500
489,diperbolehkan,500
490,membawa,500
491,area,500
492,fakultas.,500
493,pejabat,500
494,tersebut,500
495,kementerian,500
496,bersangkutan,500
497,film,500
498,menarik,500
499,menurutku.,500
500,ingatkan,500
501,mengirim,500
502,besok,500
503,jam,500
504,9,500
505,kunjungan,500
506,dinas,500
507,terkait,500
508,harian,500
509,ulang,500
510,kamis,500
511,servis,500
512,sidang,500
513,skripsi,500
514,senin,500
515,audiensi,500
516,kelurahan,500
517,15,500
518,ulu,500
519,kesehatan,500
520,puskesmas,500
521,kendali.,500
522,pengambilan,500
523,kependudukan,500
524,oleh,500
525,lansia,500
526,kolektif.,500
527,sore.,500
528,monitoring,500
529,bermain,500
530,anak,500
531,peninjauan,500
532,lapangan,500
533,agustus,500
534,pengumpulan,500
535,penandatanganan,500
536,mou,500
537,mitra.,500
538,pendistribusian,500
539,logistik,500
540,keliling,500
541,penerimaan,500
542,bulannya,500
543,papan,500
544,tulis,500
545,berada,500
546,meja!,500
547,rendy,500
548,panduan,500
549,memulai,500
550,kerja,500
551,singkat.,500
552,menggunakan,500
553,kepada,500
554,atas,500
555,diatas,500
556,kembali,500
557,tempatnya,500
558,sebutkan,500
559,alat,500
560,mikrokontroller,500
561,"pedas,",500
562,jadi,500
563,rekomendasikan,500
564,"deh,",500
565,ikut,500
566,magang,500
567,perusahaan,500
568,pengalaman,500
569,berharga,500
570,pelajari.,500
571,merasa,500
572,"lelah,",500
573,luangkan,500
574,sebentar,500
575,"beristirahat,",500
576,"produktivitas,",500
577,cobalah,500
578,manajemen,500
579,rajin,500
580,"belajar,",500
581,manfaatnya,500
582,kehidupan,500
583,sehari-hari,500
584,"kampus,",500
585,membuka,500
586,peluang,500
587,dukung,500
588,"ada,",500
589,penghijauan,500
590,"kota,",500
591,hijau,500
592,nyaman,500
593,ditinggali!,500
594,"sejarah,",500
595,dikunjungi.,500
596,"akurat,",500
597,gunakan,500
598,perangkat,500
599,lunak,500
600,kebutuhanmu.,500
601,ragu,500
602,bertanya,500
603,guru,500
604,"mengerti,",500
605,langkah,500
606,menuju,500
607,pemahaman,500
608,tanamkan,500
609,"menyenangkan,",500
610,kesempatan,500
611,tumbuh.,500
612,maksimalkan,500
613,praktikummu,500
614,menghasilkan,500
615,temuan,500
616,menciptakan,500
617,"positif,",500
618,memuaskan.,500
619,mendalami,500
620,"dalam,",500
621,percobaan,500
622,menguji,500
623,teori,500
624,dipelajari.,500
625,benar,500
626,"laboratorium,",500
627,meminimalkan,500
628,kesalahan,500
629,valid.,500
630,"rumah,",500
631,terasa,500
632,ringan,500
633,menyenangkan.,500
634,selalu,500
635,"lain,",500
636,cinta,500
637,kebahagiaan.,500
638,lagi?,500
639,kebijakan,500
640,dibuat,500
641,politik,500
642,sesaat?,500
643,pikir,500
644,aku,500
645,seharian?,500
646,menegakkan,500
647,hukum,500
648,aparat,500
649,sendiri,500
650,contoh?,500
651,negara,500
652,banyak?,500
653,hal,500
654,wajar,500
655,bergantung,500
656,lain?,500
657,mengejar,500
658,"kurikulum,",500
659,menghargai?,500
660,masa,500
661,bangsa,500
662,para,500
663,pendidik?,500
664,suara,500
665,amanah,500
666,"dijaga,",500
667,dimanipulasi?,500
668,bertanggung,500
669,kehilangan,500
670,semangat,500
671,belajar?,500
672,membiarkan,500
673,ketimpangan,500
674,warisan,500
675,hadir,500
676,melayani,500
677,sebaliknya?,500
678,menyenangkan,500
679,bagi,500
680,saatnya,500
681,mengubah,500
682,pandang,500
683,terhadap,500
684,kegagalan?,500
685,anda,500
686,menyadari,500
687,dampaknya?,500
688,transparansi,500
689,merupakan,500
690,kunci,500
691,utama,500
692,membangun,500
693,kepercayaan,500
694,publik?,500
695,biasa,500
696,hebat,500
697,sekali!,500
698,lulus,500
699,predikat,500
700,cumlaude!,500
701,diterima,500
702,impianmu!,500
703,"gawat,",500
704,laptopku,500
705,mati,500
706,mendadak!,500
707,"wow,",500
708,kelompokmu,500
709,memukau!,500
710,wahai,500
711,"muda,",500
712,tuntutlah,500
713,ilmu,500
714,setinggi,500
715,langit!,500
716,tingkatkan,500
717,daerah,500
718,kita!,500
719,"syukurlah,",500
720,akhirnya,500
721,juga!,500
722,semuanya,500
723,sendiri!,500
724,ciptakan,500
725,menyenangkan!,500
726,berangkat,500
727,sekarang,500
728,terlambat!,500
729,nggak,500
730,bilang,500
731,"ih,",500
732,lucunya,500
733,kucing,500
734,"astaga,",500
735,macet,500
736,banget,500
737,"biasa,",500
738,penelitian,500
739,ternyata,500
740,seseru,500
741,ya!,500
742,bawa,500
743,kalian,500
744,memenangkan,500
745,kompetisi,500
746,antar,500
747,fakultas!,500
748,ya,500
749,"ampun,",500
750,konsep,500
751,temperatur,500
752,letak,500
753,teknik,500
754,elektro?,500
755,jarak,500
756,sini,500
757,terakhir,500
758,beroperasi,500
759,indralaya?,500
760,pengampu,500
761,semester?,500
762,kapasitas,500
763,maksimal,500
764,hubungi,500
765,repository,500
766,jurnal?,500
767,sekarang?,500
768,terdekat?,500
769,terminal,500
770,fakultas,500
771,jumlah,500
772,asisten,500
773,wi-fi,500
774,jembatan,17
775,ampera,17
776,berfungsi,17
777,biarkan,11
778,kesibukan,11
779,pentingnya,11
780,keluarga.,11
781,mengembangkan,10
782,kecerdasan,10
783,"buatan,",10
784,efisien.,10
785,melaporkan,6
786,lab?,6
